,created_at,text,author_id,id,lang
0,2022-06-27T19:57:35.000Z,"Learn Basics Of Adobe After Effects CC 2022 for Beginners https://t.co/ZZBSB7jhDr

#MachineLearning. #BigData #Analytics #DataScience #AI #IoT #IIoT #Python #RStats #TensorFlow #Java #JavaScript #ReactJS #CloudComputing #DataScientist #Linux #Programming #Coding #100DaysofCode",1465789687046578180,1541511077716004865,en
1,2022-06-27T19:57:29.000Z,"AT LISA HUB your Hacking solutions are
achieved. #BigData #Analytics #DataScience
#Russia #hacking
#MachineLearning #loT #lloT #PyTorch
#Python #Stats #TensorFlow #Java
#JavaScript #ReactS #CloudComputing
#Serverless #DataScientist #Linux #aliabhatt
#100DaysOfCode #ifkgbg",1207315480161193984,1541511053581946883,en
2,2022-06-27T19:57:12.000Z,"Master all the MS Excel Macros and the basics of Excel VBA https://t.co/rrjKaclGak

#MachineLearning. #BigData #Analytics #DataScience #AI #IoT #IIoT #Python #RStats #TensorFlow #Java #JavaScript #ReactJS #CloudComputing #DataScientist #Linux #Programming #Coding #100DaysofCode",1465789687046578180,1541510981876064257,en
3,2022-06-27T19:56:46.000Z,"Deep Web- The complete Introduction to the hidden web https://t.co/S9ZWALtTKA

#MachineLearning. #BigData #Analytics #DataScience #AI #IoT #IIoT #Python #RStats #TensorFlow #Java #JavaScript #ReactJS #CloudComputing #DataScientist #Linux #Programming #Coding #100DaysofCode",1465789687046578180,1541510871758901248,en
4,2022-06-27T19:56:19.000Z,"Practice Test for AZ-400 IT Certification Exam Preparation https://t.co/CsPU5E9EsQ

#MachineLearning. #BigData #Analytics #DataScience #AI #IoT #IIoT #Python #RStats #TensorFlow #Java #JavaScript #ReactJS #CloudComputing #DataScientist #Linux #Programming #Coding #100DaysofCode",1465789687046578180,1541510760920137728,en
5,2022-06-27T19:56:03.000Z,"For Hacking enquires contact LISA HUB #womenintech 
#MachineLearning #loT #lloT #PyTorch
#Python #RStats #TensorFlow #Java
#JavaScript #ReactS #CloudComputing
#Serverless #DataScientist #Linux
#MunafaForMSME #LISAatCelinePFW22
#Avalanche ^ #cryptocurrecy
#100DaysOfCode #hacking",1207315480161193984,1541510691307376641,en
6,2022-06-27T19:56:00.000Z,"‚úÖ Siga, Curta, comente ou marque algu√©m
#dev #development #developer #sql #Java #javascript #python #computer #windows #linux #mac #ios #IT #sistemas #software #html #webdev #developer #internet #web #programacao #js #tecnologia #css #aws #reactjs #node #dicasdeti #100DaysOfCode https://t.co/avicIN5x7l",1051138577776697344,1541510678095114241,pt
7,2022-06-27T19:55:52.000Z,"Learn Elementor &amp; WordPress, for Startups &amp; Freelancers https://t.co/zumB96eirB

#MachineLearning. #BigData #Analytics #DataScience #AI #IoT #IIoT #Python #RStats #TensorFlow #Java #JavaScript #ReactJS #CloudComputing #DataScientist #Linux #Programming #Coding #100DaysofCode",1465789687046578180,1541510647716147200,en
8,2022-06-27T19:55:52.000Z,"#100daysofcode in #Python 
Day 2 ‚úÖ
Continued with the basics. 
- Data types
- Number Manipulation
- F strings
And a small project on Tip Calculator",79455511,1541510647711617024,en
9,2022-06-27T19:55:49.000Z,"Day 41/100 of Python
#100DaysOfCode
#codeHive2022 
#codingWithCudra
#Python https://t.co/Elty32bpCo",1111153223606456325,1541510631186104325,en
10,2022-06-27T19:55:29.000Z,"[100%OFF] How to use Google drive, Onedrive, Dropbox and Mega https://t.co/Qy3UiNpM7E

#MachineLearning #BigData #Analytics #DataScience #AI #IoT #IIoT #Python #RStats #TensorFlow #Java #JavaScript #ReactJS #CloudComputing #DataScientist #Linux #Programming #Coding #100DaysofCode",1465789687046578180,1541510548235456520,en
11,2022-06-27T19:54:57.000Z,"Creating a Website in 1 Hour ‚Äì WordPress, Elementor, &amp; UX https://t.co/8wXHshwzUu

#MachineLearning. #BigData #Analytics #DataScience #AI #IoT #IIoT #Python #RStats #TensorFlow #Java #JavaScript #ReactJS #CloudComputing #DataScientist #Linux #Programming #Coding #100DaysofCode",1465789687046578180,1541510413078220806,en
12,2022-06-27T19:54:35.000Z,"[100%OFF] Design Thinking Guide for Successful Professionals https://t.co/UtEaNItrpy

#MachineLearning. #BigData #Analytics #DataScience #AI #IoT #IIoT #Python #RStats #TensorFlow #Java #JavaScript #ReactJS #CloudComputing #DataScientist #Linux #Programming #Coding #100DaysofCode",1465789687046578180,1541510321311043585,en
13,2022-06-27T19:54:08.000Z,"Freelancing: 37 Ways to Make Money From Home as a Freelancer https://t.co/3WQGtdmMhH

#MachineLearning. #BigData #Analytics #DataScience #AI #IoT #IIoT #Python #RStats #TensorFlow #Java #JavaScript #ReactJS #CloudComputing #DataScientist #Linux #Programming #Coding #100DaysofCode",1465789687046578180,1541510209172131841,en
14,2022-06-27T19:53:57.000Z,"We deliver unique work ü¶ë   
 üè• DM for value-based services  
 #Econometrics 
 #Homework  
 #100DaysOfCode 
 #javascript
 #Case study 
 #Homework 
 #python 
 #Econometrics
 #essaywrite 
 #Econometrics 
 #javascript 
 #essaywrite 
 üí∞ 
 üè• 

 https://t.co/MrEPSqHB5x",1343372118,1541510163823067136,en
15,2022-06-27T19:53:34.000Z,Day 8: still trying to keep accountable to myself. It is hard lol. I learnt 4 probability sampling techniques using python. Learnt from the article I read and finished on my last tweet. Learning and moving. #statistics #probability #machinelearning #100daysofcode #100daysofdata,1537224820236115969,1541510065026437121,en
16,2022-06-27T19:50:59.000Z,"Ô£ø Read Up @KIIARA #NFTs
#Python #IoT #IIoT #PyTorch #ETH #JavaScript #ReactJS #WordPress #Security #DeFi #100DaysOfCode 
#trendingkiiara #buildinginpublic #fintech #insurtech #AI #finserv #marketing #TensorFlow #datavis #Infosec #DevOps #Roblox #CSS 
#MLOps #Flutter #HTML #Azure https://t.co/yIlgAUz1lY",1356359301565186049,1541509417002213378,en
17,2022-06-27T19:50:29.000Z,"Day 31 | #100DaysofCode
Continuing with @CoreyMSchafer Pandas tutorial and applying what I'm learning to my dataset.",1526212530527510529,1541509289533227009,en
18,2022-06-27T19:50:21.000Z,"""Success is never final; failure is never fatal.""- Conrad Hilton #softwareengineer #javascript #python #C++ #golang #nodejs #reactjs #stockopertor #highgrowthstocks $SPX $QQQ $RUT $VIX #canslim #100DaysOfCode",1243665419501744133,1541509258881138688,en
19,2022-06-27T19:49:43.000Z,"We are legit to offer you A grade in your
‚úìnursing
‚úìessays
‚úìfinance
‚úìphysics
‚úìbiology.
‚úìphysics.
‚úìchemistry.
‚úìalgebra
‚úìcalculus
‚úìessay pay.
Assignment due
#100DaysOfCode
#WomenWhoCode.
#javascript
#Python
#Serverless
#Asu #IoT",1483108258529357832,1541509096939175936,en
20,2022-06-27T19:49:18.000Z,"Do you need help in? 
#Assignmentdue
#homework 
#assignment 
#python
#online class
#javascript
#essayhelp
#100DaysOfCode
#geology
#research paper 
#pay someone write
#WomenWhoCode
#NodeJS
#Kuwait #SaudiArabia #Qatar

geniusessaywriters@gmail.com",1483108258529357832,1541508995344699395,en
21,2022-06-27T19:49:16.000Z,"Opinion | More and more, artificial intelligence is keeping the world under watch - The Washington Post

Read more here: https://t.co/GuiaQ1oZUj

#ArtificialIntelligence #AI #DataScience #100DaysOfCode #Python #MachineLearning #BigData #DeepLearning #NLP #Robots #IoT",467513287,1541508985995628544,en
22,2022-06-27T19:49:16.000Z,"Instagram is testing artificial intelligence that verifies your age with a selfie scan - WWAY NewsChannel 3

Read more here: https://t.co/GCl3ZJZiPa

#ArtificialIntelligence #AI #DataScience #100DaysOfCode #Python #MachineLearning #BigData #DeepLearning #NLP #Robots #IoT",467513287,1541508982971547650,en
23,2022-06-27T19:48:41.000Z,"Do you need help in? 
#Assignmentdue
#homework 
#assignment 
#python
#online class
#javascript
#math
#essayhelp
#100DaysOfCode
#geology
#research paper 
#pay someone write
#WomenWhoCode
#NodeJS
#Kuwait #SaudiArabia #Qatar

@GeniusEssayWri1",1483108258529357832,1541508838314151939,en
24,2022-06-27T19:48:07.000Z,"We are legit to offer you A grade in your
‚úìnursing
‚úìessays
‚úìchemistry
‚úìfinance
Physics
‚úìphysics.
‚úìchemistry.
‚úìalgebra
‚úìcalculus
‚úìessay pay.
Assignment due .
#100DaysOfCode
#WomenWhoCode.
#javascript
#Python
#Serverless
#Asu #IoT

Text
Kindly dm",1483108258529357832,1541508696429174786,en
25,2022-06-27T19:47:50.000Z,"Ô£ø Today‚Äôs Reads #NFTs 
#Python #IoT #IIoT #PyTorch #Ad #JavaScript #ReactJS #WordPress #Security #DeFi #100DaysOfCode 
#trendingkiiara #buildinginpublic
@KIIARA #fintech #insurtech #AI #finserv #marketing #TensorFlow #datavis #Infosec #DevOps #ETH 
#MLOps #Flutter #HTML #Azure https://t.co/cHBw6aPxXQ",1356359301565186049,1541508622534033408,en
26,2022-06-27T19:47:29.000Z,"We're proficient in:-
~Exams
~finance
~Anatomy
~Chemistry
~Physics
~coding
~Maths
~Bio
~Powerpoint
~Assignmen
~Sociology
~Essay due
~Essay pay
~Economics
#100DaysOfCode
#WomenWhoCode
#NodeJS #IoT #Python
#javascript
@GeniusEssayWri1",1483108258529357832,1541508536353669123,en
27,2022-06-27T19:47:25.000Z,"We're proficient in:-
~Exams
~finance
~Anatomy
~Chemistry
~Physics
~coding
~Maths
~Bio
~Powerpoint
~Assignment
~Homework
~Sociology
~Essay due
~Essay pay
~Economics
#100DaysOfCode
#WomenWhoCode
#NodeJS #IoT #Python
#javascript
@GeniusEssayWri1",1483108258529357832,1541508520129994765,en
28,2022-06-27T19:46:42.000Z,"#100daysofcodeNEED a #JOB?
Sign up now https://t.co/SIDYRs8wdV
FREE. NO MIDDLEMEN
#Jobs #AI #DataAnalytics #MachineLearning #Python #JavaScript #WomenWhoCode #Programming #Coding #100DaysofCode #DEVCommunity #gamedev #gamedevelopment #indiedev #IndieGameDev #Mobile #gamers #",1483108258529357832,1541508339330420739,en
29,2022-06-27T19:46:10.000Z,"Get essay and online class help on the following;
Maths
English
History
Religious studies
Philosophy
Sociology
Data analysis
PowerPoint presentation
 #100DaysOfCode
#Python 
#Coding 
#WomenWhoCode 
#CodeNewbie
WhatsApp +1 (256) 649-9989
DM 
@essaytutors14",1280480653709135873,1541508205477597186,en
30,2022-06-27T19:43:02.000Z,"Gradient Based Deep Learning. @DataSciConnect #BigData #Analytics #DataScience #AI #MachineLearning #IoT #IIoT #Python #RStats #TensorFlow #GoLang #JavaScript #ReactJS #CloudComputing #Serverless #DataScientist #Linux #Programming #Coding #100DaysofCode  
https://t.co/GniDojRfq9 https://t.co/fi44MtZXGi",4263007693,1541507417871196161,en
31,2022-06-27T19:42:06.000Z,"HEY DEV, TAKE THIS SURVEY &amp; WIN THIS
https://t.co/RLKrSgjmK0

#BigData #Analytics #DataScience #instagramdown  #Python #room419 #TensorFlow #JavaScript #ReactJS #GoLang #BreakingNews #btc #cryptocurrecy #Linux #Programming #Coding #100DaysofCode #doggy #sabinus 
#30thOfJune https://t.co/SiOofQVJ0K",822467311361818625,1541507181224378368,en
32,2022-06-27T19:42:03.000Z,"configuroweb: Sistema de Gesti√≥n de Ausencias de Personal desarrollado en PHP y #MySQL

https://t.co/xxMJL963ib

#code #coding #javascript #python #datascience #programming #programmer #100daysofcode #webdev #webdevelopment #php #java #linux #css #codinglife #codingpics #config‚Ä¶",1376508061746143243,1541507170218528768,es
33,2022-06-27T19:41:57.000Z,"Python for Everybody. #BigData #Analytics #DataScience #IoT #IIoT #PyTorch #Python #RStats #TensorFlow #Java #JavaScript #ReactJS #GoLang #CloudComputing #Serverless #DataScientist #Linux #Books #Programming #Coding #100DaysofCode 
https://t.co/Wo9UaMQbuU https://t.co/gLBRAsWrVj",4263007693,1541507142041075719,en
34,2022-06-27T19:41:40.000Z,"HEY DEV, TAKE THIS SURVEY &amp; WIN THIS
https://t.co/RLKrSgjmK0

#BigData #Analytics #DataScience #instagramdown  #Python #room419 #TensorFlow #JavaScript #ReactJS #GoLang #BreakingNews #btc #cryptocurrecy #Linux #Programming #Coding #100DaysofCode #doggy #sabinus 
#30thOfJune https://t.co/t7YA4fUb7q",822467311361818625,1541507071736254467,en
35,2022-06-27T19:40:55.000Z,"Get all your assignments done here in time
#Onlineclass
#100DaysOfCode
#Philosophy
#ESSAYS
Homework
#Math
#Econometrics 
#javascript
#Nursing
#python
#Poetry
#Research paper
#essaywrite
Casestudy
#programming 
#javascript 
WhatsApp +1 (256) 649-9989
Kindly Dm  @essay_writer1",909688467541684224,1541506882266963968,en
36,2022-06-27T19:40:49.000Z,"ACE that class with our qualified tutorsGraduation cap
#Dissertation
#Statistics
Nursing
#Biology 
chemistry 
#python
#100DaysOfCode
#homework
#business 
#python
#Javascript
#Coding
#WomenWhocode
#econometrics
 #business
 
Kindly dm 
@essay_writer1
WhatsApp +1 (256) 649-9989",909688467541684224,1541506859730980868,en
37,2022-06-27T19:40:31.000Z,"HEY DEV, TAKE THIS SURVEY &amp; WIN THIS
https://t.co/RLKrSgjmK0

#BigData #Analytics #DataScience #instagramdown  #Python #room419 #TensorFlow #JavaScript #ReactJS #GoLang #BreakingNews #btc #cryptocurrecy #Linux #Programming #Coding #100DaysofCode #doggy #sabinus 
#30thOfJune https://t.co/f11TJ9lHb2",822467311361818625,1541506780756410369,en
38,2022-06-27T19:40:15.000Z,"""Wherever you are, it's the place you need to be.""- Maxime Lagace #softwareengineer #javascript #python #C++ #golang #nodejs #reactjs #stockopertor #highgrowthstocks $SPX $QQQ $RUT $VIX #canslim #100DaysOfCode",1243665419501744133,1541506716512260102,en
39,2022-06-27T19:39:54.000Z,"HEY DEV, TAKE THIS SURVEY &amp; WIN THIS
https://t.co/RLKrSgjmK0

#BigData #Analytics #DataScience #instagramdown  #Python #room419 #TensorFlow #JavaScript #ReactJS #GoLang #BreakingNews #btc #cryptocurrecy #Linux #Programming #Coding #100DaysofCode #doggy #sabinus 
#30thOfJune https://t.co/fBm24QHQem",822467311361818625,1541506626083078149,en
40,2022-06-27T19:39:46.000Z,"DM @Academictutor20 
#Essay due
#Pay write
#javascript
#Onlineclass
#Philosophy 
#Chemistry
#Literature
#Calculus 
#Biology
#Python
#Nursing
#psychology
#Algebra
#Essayhelp
#essaywriter 
#EssayWrite
#Essaypay
#Payassignment
#Domyhomework
#100DaysOfCode",1402185900247953410,1541506592474021895,en
41,2022-06-27T19:38:33.000Z,"HEY DEV, TAKE THIS SURVEY &amp; WIN A MACBOOK
https://t.co/RLKrSgjmK0

#BigData #Analytics #DataScience #instagramdown  #Python #room419 #TensorFlow #JavaScript #ReactJS #GoLang #BreakingNews #btc #cryptocurrecy #Linux #Programming #Coding #100DaysofCode #doggy #sabinus 
#30thOfJune https://t.co/apgFckC9np",822467311361818625,1541506289850847232,en
42,2022-06-27T19:38:10.000Z,"Grade A+ assured in any timed paper
#Fall semester
#Paywrite
#javascript
#Onlineclass
#Philosophy
#Chemistry
#Literature
#Calculus1,2
#Biology
#Python
#Nursing
#psychology
#Essayhelp
#Essay
#Essaypay
#100DaysOfCode
dm @essay_writer1
WhatsApp +1 (256) 649-9989",909688467541684224,1541506190378762240,en
43,2022-06-27T19:38:04.000Z,"Speed up #Pandas in #Python with Modin. #BigData #Analytics #DataScience #AI #MachineLearning #IoT #IIoT #RStats #TensorFlow #Java #JavaScript #ReactJS #GoLang #CloudComputing #Serverless #DataScientist #Linux #Programming #Coding #100DaysofCode  
https://t.co/VU2Xzg2XpR https://t.co/oiRAyZNwMT",4263007693,1541506166139850755,en
44,2022-06-27T19:38:03.000Z,"HEY DEV, TAKE THIS SURVEY &amp; WIN A MACBOOK
https://t.co/RLKrSgjmK0

#BigData #Analytics #DataScience #instagramdown  #Python #room419 #TensorFlow #JavaScript #ReactJS #GoLang #BreakingNews #btc #cryptocurrecy #Linux #Programming #Coding #100DaysofCode #doggy #sabinus 
#30thOfJune https://t.co/oPbUQfjtgB",822467311361818625,1541506162885017604,en
45,2022-06-27T19:38:03.000Z,"How Much Math Do I Need in Data #Science? #BigData #Analytics #AI #MachineLearning #DataScience #IoT #IIoT #Python #RStats #TensorFlow #JavaScript #ReactJS #CloudComputing #Serverless #DataScientist #Linux #Mathematics #Programming #Coding #100DaysofCode 
https://t.co/ISVHjYYRmt https://t.co/u5qfG0DwuI",4263007693,1541506160833986561,en
46,2022-06-27T19:36:54.000Z,"#include&lt;#news
{@nityanandraibjp sir as per your directions Today i was submitted all the #evidence to get #CbiForShikha &amp; case transferred to @SCJudgments at @HMOIndia }

#JS #forex #javascript #bot #AI #CodeNewbie #women #flutter #nft #python #Web3 #cybersecurity #100DaysOfCode https://t.co/ULzbz7vQz4",1413614842104012801,1541505871338909697,en
47,2022-06-27T19:36:09.000Z,"Let experts handle your work 
#Excel
#Assignments 
#calculus 
#homework
#Paper pay
#Homeworkhelp 
#Onlineclass 
#essayhelp 
#essaypay 
#Essaydue 
#essaywrite 
#Essays 
#Javascript
#Python
#Programming
#CodeNewbies 
#100DaysOfCode
dm @essay_writer1 
WhatsApp +1 (256) 649-9989",909688467541684224,1541505682679238657,en
48,2022-06-27T19:35:53.000Z,"HEY DEV, TAKE THIS SURVEY &amp; WIN A MACBOOK
https://t.co/RLKrSgjmK0

#BigData #Analytics #DataScience #instagramdown  #Python #room419 #TensorFlow #JavaScript #ReactJS #GoLang #BreakingNews #btc #cryptocurrecy #Linux #Programming #Coding #100DaysofCode #doggy #sabinus 
#30thOfJune https://t.co/jYQxayxmKj",822467311361818625,1541505618187517952,en
49,2022-06-27T19:35:25.000Z,"HEY DEV, TAKE THIS SURVEY &amp; WIN A MACBOOK
https://t.co/RLKrSgjmK0

#BigData #Analytics #DataScience #instagramdown  #Python #room419 #TensorFlow #JavaScript #ReactJS #GoLang #BreakingNews #btc #cryptocurrecy #Linux #Programming #Coding #100DaysofCode #doggy #sabinus 
#30thOfJune https://t.co/hyZsVgwkkx",822467311361818625,1541505497412603904,en
50,2022-06-27T19:35:14.000Z,"We'll help you get excellent results in your;
#Philosophy
#Math
#Essays
#Research paper
#Assignment
#Econometrics
#Case study
#javascript 
#Nursing
#Poetry 
#Homework 
#python
#100DaysOfCode
#Onlineclass
Dm @essay_writer1 
WhatsApp +1 (256) 649-9989",909688467541684224,1541505451547820033,en
51,2022-06-27T19:35:04.000Z,"HEY DEV, TAKE THIS SURVEY &amp; WIN A MACBOOK
https://t.co/RLKrSgjmK0

#BigData #Analytics #DataScience #instagramdown  #Python #room419 #TensorFlow #JavaScript #ReactJS #GoLang #BreakingNews #btc #cryptocurrecy #Linux #Programming #Coding #100DaysofCode #doggy #sabinus 
#30thOfJune https://t.co/fCDmQEBFOj",822467311361818625,1541505411030945794,en
52,2022-06-27T19:34:48.000Z,#5G #100DaysOfCode #AI #Analytics #ArtificialIntelligence #CyberSecurity #Data #DataScience #LifeAtBooz #MachineLearning #ML #OpenSource #Python #Serverless #WomenWhoCode https://t.co/OvTXUpATLi https://t.co/AKJir5cUy8,967382282402254848,1541505344098017281,qme
53,2022-06-27T19:34:44.000Z,"HEY DEV, TAKE THIS SURVEY &amp; WIN A MACBOOK
https://t.co/RLKrSgjmK0

#BigData #Analytics #DataScience #instagramdown  #Python #room419 #TensorFlow #JavaScript #ReactJS #GoLang #BreakingNews #btc #cryptocurrecy #Linux #Programming #Coding #100DaysofCode #doggy #sabinus 
#30thOfJune https://t.co/iXvEq9Q8ge",822467311361818625,1541505326087905283,en
54,2022-06-27T19:34:37.000Z,"#Healthcare Updates by Dr. Kevin Vigilante, @BoozAllen EVP and Chief Medical Officer #5G #100DaysOfCode #AI #Analytics #ArtificialIntelligence #CyberSecurity #Data #DataScience #LifeAtBooz #MachineLearning #ML #OpenSource #Python #Serverless #WomenWhoCode https://t.co/Yj2k7zwLpo https://t.co/jDoUkZlrax",1109544277196054533,1541505296203337728,en
55,2022-06-27T19:34:22.000Z,"HEY DEV, TAKE THIS SURVEY &amp; WIN A MACBOOK
https://t.co/RLKrSgjmK0

#BigData #Analytics #DataScience #instagramdown  #Python #room419 #TensorFlow #JavaScript #ReactJS #GoLang #BreakingNews #btc #cryptocurrecy #Linux #Programming #Coding #100DaysofCode #doggy #sabinus 
#30thOfJune https://t.co/eLX4QJjASa",822467311361818625,1541505233561477127,en
56,2022-06-27T19:34:04.000Z,"Cheat-Sheets for #AI, Neural Networks, #MachineLearning, Deep Learning. #BigData #Analytics #DataScience #IoT #IIoT #Python #RStats #TensorFlow #JavaScript #ReactJS #CloudComputing #Serverless #DataScientist #Linux #Programming #Coding #100DaysofCode
https://t.co/YVUre3uBYi https://t.co/33HF4R8kkY",4263007693,1541505161100726273,en
57,2022-06-27T19:33:58.000Z,"HEY DEV, TAKE THIS SURVEY &amp; WIN A MACBOOK
https://t.co/RLKrSgjmK0

#BigData #Analytics #DataScience #instagramdown  #Python #room419 #TensorFlow #JavaScript #ReactJS #GoLang #BreakingNews #btc #cryptocurrecy #Linux #Programming #Coding #100DaysofCode #doggy #sabinus 
#30thOfJune https://t.co/DPpyaJdXnp",822467311361818625,1541505134814969856,en
58,2022-06-27T19:33:30.000Z,"HEY DEV, TAKE THIS SURVEY &amp; WIN A MACBOOK
https://t.co/RLKrSgjmK0

#BigData #Analytics #DataScience #instagramdown  #Python #room419 #TensorFlow #JavaScript #ReactJS #GoLang #BreakingNews #btc #cryptocurrecy #Linux #Programming #Coding #100DaysofCode #doggy #sabinus 
#30thOfJune https://t.co/uTryc7qhhp",822467311361818625,1541505015948492800,en
59,2022-06-27T19:32:59.000Z,"HEY DEV, TAKE THIS SURVEY &amp; WIN A MACBOOK
https://t.co/RLKrSgjmK0

#BigData #Analytics #DataScience #instagramdown  #Python #room419 #TensorFlow #JavaScript #ReactJS #GoLang #BreakingNews #btc #cryptocurrecy #Linux #Programming #Coding #100DaysofCode #doggy #sabinus 
#30thOfJune https://t.co/0lpFHd2xUH",822467311361818625,1541504885945995265,en
60,2022-06-27T19:32:51.000Z,#Career: Data Science Roles at @BoozAllen in Virgina! #5G #100DaysOfCode #AI #Analytics #ArtificialIntelligence #CyberSecurity #Data #DataScience #LifeAtBooz #MachineLearning #ML #OpenSource #Python #Serverless #WomenWhoCode @Strat_AI https://t.co/Gc6Izeo82V https://t.co/KYEqr2AjZ6,1109544277196054533,1541504854631206912,en
61,2022-06-27T19:32:28.000Z,#Career: Data Science Roles at @BoozAllen in Virgina! #5G #100DaysOfCode #AI #Analytics #ArtificialIntelligence #CyberSecurity #Data #DataScience #LifeAtBooz #MachineLearning #ML #OpenSource #Python #Serverless #WomenWhoCode @AI_Miami https://t.co/AUoAHewJHV https://t.co/WECZ5dMkfz,967382282402254848,1541504757591773184,en
62,2022-06-27T19:32:28.000Z,"HEY DEV, TAKE THIS SURVEY &amp; WIN A MACBOOK
https://t.co/RLKrSgjmK0

#BigData #Analytics #DataScience #instagramdown  #Python #room419 #TensorFlow #JavaScript #ReactJS #GoLang #BreakingNews #btc #cryptocurrecy #Linux #Programming #Coding #100DaysofCode #doggy #sabinus 
#30thOfJune https://t.co/dK132hEtnq",822467311361818625,1541504757180817408,en
63,2022-06-27T19:31:59.000Z,"HEY DEV, TAKE THIS SURVEY &amp; WIN A MACBOOK
https://t.co/RLKrSgjmK0

#BigData #Analytics #DataScience #instagramdown  #Python #room419 #TensorFlow #JavaScript #ReactJS #GoLang #BreakingNews #btc #cryptocurrecy #Linux #Programming #Coding #100DaysofCode #doggy #sabinus 
#30thOfJune https://t.co/OaS2Fim5Rx",822467311361818625,1541504635894206465,en
64,2022-06-27T19:31:38.000Z,"HEY DEV, TAKE THIS SURVEY &amp; WIN A MACBOOK
https://t.co/RLKrSgjmK0

#BigData #Analytics #DataScience #instagramdown  #Python #room419 #TensorFlow #JavaScript #ReactJS #GoLang #BreakingNews #btc #cryptocurrecy #Linux #Programming #Coding #100DaysofCode #doggy #sabinus 
#30thOfJune https://t.co/ZFOjLAbVBW",822467311361818625,1541504548560424961,en
65,2022-06-27T19:31:34.000Z,"Day 175 of #365DaysOfCode 

Not really interested in app building but I will see what I can learn by following along!üêç

#womenwhocode #DataScience #Python #100daysofcodechallenge #100DaysOfCode #SQL https://t.co/we5VBzZQPm",1414428806278877188,1541504530147188736,en
66,2022-06-27T19:31:18.000Z,"HEY DEV, TAKE THIS SURVEY &amp; WIN A MACBOOK
https://t.co/RLKrSgjmK0

#BigData #Analytics #DataScience #instagramdown  #Python #room419 #TensorFlow #JavaScript #ReactJS #GoLang #BreakingNews #btc #cryptocurrecy #Linux #Programming #Coding #100DaysofCode #doggy #sabinus 
#30thOfJune https://t.co/29i2XHf1Tv",822467311361818625,1541504463369797632,en
67,2022-06-27T19:30:27.000Z,"üü£ Stream G√∂nnung etwas #VALORANT ;) https://t.co/5MewlvUZvO

#TwitchDE #tech #infosec #100DaysOfCode #womenintech #javascript #India #Python #nodejs #twitchde #indiedev #RetweeetPlease #twitch #Streamcaster  #Flutter #SocEnt #globalhealth #opensource",1464751752373313539,1541504249619701760,de
68,2022-06-27T19:30:15.000Z,Day 9 of #100DaysOfCode with python for ML,718739232999751680,1541504199241764866,en
69,2022-06-27T19:30:02.000Z,"Day 5: Arrgh! X marks the spot! üè¥‚Äç‚ò†Ô∏èü¶ú This little function shows you a 3x3 ""treasure map"", and lets you mark an X . Imagination required!

#100DaysOfCode #100daysofpython #python #programming #code #metric #100dev #appbrewery #webdev https://t.co/K8j9SRR8D8",1398406010,1541504142660620288,en
70,2022-06-27T19:29:54.000Z,"#weed #beuh #shitüî•dispo 
üçÉSnapüëªdiablo_verte
üìûT√©l√©gram:https://t.co/JXaAMGUVRc
#AIEthics #MachineLearning #Python #DeepLearning #IoT #100DaysOfCode #fintech #RoissyenBrie #GrandeSynthe #Frontignan #V√©lizyVillacoublay #H√©rouvilleSaintClair #Manosque #LeRobert #Loos https://t.co/HiztfxuZCb",1541401522407456771,1541504109542531077,fr
71,2022-06-27T19:29:09.000Z,"Pay us to do or write your 
#Excel
#Assignments 
#calculus 
#homework
#Paper pay
#Homeworkhelp 
#summerclasses 
#Onlineclass 
#essayhelp 
#essaypay 
#Essay
#Javascript
#Python
#Programming
#CodeNewbies 
#100DaysOfCode 
dm 
@TutorsStates",1524607240279318529,1541503923374247943,en
72,2022-06-27T19:28:49.000Z,"Guaranteed A+ grade in;
Project
Math
Essay due
Pay write
English
Paper pay
Case study
Quiz
Do my homework
Online classes
Python..
Philosophy 
Book review
Assignment due
#Pay someone write
#100DaysOfCode
#Javascripts 
DM 
@TutorsStates",1524607240279318529,1541503838749949953,en
73,2022-06-27T19:28:28.000Z,"Pay us to do or write your 
#Excel
#Tests 
#essayhelp 
#essaypay 
#Essay
#Javascript
#Python
#Programming
#CodeNewbies
#Assignments 
#calculus 
#homework
#Paper pay
#Homeworkhelp 
#summerclasses  
#100DaysOfCode 
dm 
@essay_writer14",4821098536,1541503749914447873,en
74,2022-06-27T19:28:27.000Z,"Need assignment help?
#Paper pay 
#python 
#Math
#essaywrite
#Essayhelp
#Casestudy
#javascript
#Homework
#Philosophy
#Onlineclass
#Essaypay
#Econometrics
#WomenWhoCode 
#Assignmentdue
#essayhelp
#College
#100DaysOfCode
#NodeJS
hmu @essay_writer14",4821098536,1541503746076721155,en
75,2022-06-27T19:28:24.000Z,"Hire us to secure you A's in your 

#Essays
#English
#Chemistry
#Project
#Finance
#finals
#Biology
#Labreports
#Nursing 
#Algebra
#Statistics
#Pay someone
#javascript
#Python
#essaydue
#Math
#100DaysOfCode
#Tests
#history

DM us 
@essay_writer14",4821098536,1541503734144012289,en
76,2022-06-27T19:28:22.000Z,"Hire us and get excellent grades. Discount allowed
research paper
#javascript
Nursing
#psychology
Biology
#Essay 
#Mathlab 
#Python  
#javascript 
Poem analysis
#Onlineclass 
#Philosophy 
Book review
Proposal
#100DaysOfCode
#Calculus
Dm
@essay_writer14",4821098536,1541503726208393216,en
77,2022-06-27T19:28:22.000Z,"Place your orders now for the best grades in your 
#Math  
#English
#Chem
#Biology
#essaypay
#Religion
#history 
#python 
#essays 
#programming 
#statistics
#100DaysOfCode
#NodeJS
#Econometrics

dm @essay_writer14",4821098536,1541503725877035011,en
78,2022-06-27T19:28:21.000Z,"Guaranteed A+ grade in;
Project
Math
Essay due
Pay write
English
Paper pay
Case study
Quiz
Do my homework
Online classes
Python..
Philosophy 
Book review
Assignment due
#Pay someone write
#100DaysOfCode
#Javascripts 
DM 
@essay_writer14",4821098536,1541503720369917952,en
79,2022-06-27T19:28:21.000Z,"Pay us to do or write your 
#Excel
#Assignments 
#calculus 
#homework
#Paper pay
#Homeworkhelp 
#summerclasses 
#Onlineclass 
#essayhelp 
#essaypay 
#Essay
#Javascript
#Python
#Programming
#CodeNewbies 
#100DaysOfCode 
dm 
@essay_writer14",4821098536,1541503719434588160,en
80,2022-06-27T19:28:17.000Z,"Grade A+ assured in any timed paper
#Fall semester
#Paywrite
#javascript
#Literature review
#Philosophy
#Chemistry
#Literature
#Calculus
#Biology
#Python
#Nursing
#psychology
#Essayhelp
#Essay
#Essaypay
#100DaysOfCode
dm 
@essay_writer14",4821098536,1541503705303990272,en
81,2022-06-27T19:27:53.000Z,"#weed #beuh #shitüî•dispo 
üçÉSnapüëªdiablo_verte
üìûT√©l√©gram:https://t.co/JXaAMGUVRc
#AIEthics #MachineLearning #Python #DeepLearning #IoT #100DaysOfCode #fintech #MaisonsLaffitte #Rochefort #Beaupr√©auenMauges #LesLilas #SaintDizier #S√®vres #Lormont #Lanester #Fontaine #Abbeville https://t.co/R0jCz36Ca4",1541401522407456771,1541503602883280899,fr
82,2022-06-27T19:27:21.000Z,"#weed #beuh #shitüî•dispo 
üçÉSnapüëªdiablo_verte
üìûT√©l√©gram:https://t.co/JXaAMGUVRc
#AIEthics #MachineLearning #Python #DeepLearning #IoT #100DaysOfCode #fintech #VilleneuvelaGarenne #LesPavillonssousBois #LeBouscat #Orly #LaValetteduVar #Vernon #Montgeron #Dole #SainteAnne https://t.co/DEDgxrOB91",1541401522407456771,1541503469999251456,fr
83,2022-06-27T19:25:24.000Z,"HEY DEV, TAKE THIS SURVEY &amp; WIN $1000
https://t.co/RLKrSgjmK0

#BigData #Analytics #DataScience #instagramdown  #Python #room419  #TensorFlow #JavaScript #ReactJS #GoLang #BreakingNews #btc #cryptocurrecy #Linux #Programming #Coding #100DaysofCode #doggy #sabinus 
#30thOfJune https://t.co/7msjhUTEmY",822467311361818625,1541502979316097026,en
84,2022-06-27T19:25:07.000Z,"HEY DEV, TAKE THIS SURVEY &amp; WIN $1000
https://t.co/RLKrSgjmK0

#BigData #Analytics #DataScience #instagramdown  #Python #room419  #TensorFlow #JavaScript #ReactJS #GoLang #BreakingNews #btc #cryptocurrecy #Linux #Programming #Coding #100DaysofCode #doggy #sabinus 
#30thOfJune https://t.co/diA4MD5R33",822467311361818625,1541502906628710402,en
85,2022-06-27T19:25:01.000Z,"For quality assignment help
DM us:
Thesis
Research
Essays
Exams
Homework
Biology
Chemistry
English
Ecology
Anatomy
#MachineLearning  #DataScience #5G #100DaysOfCode
#Python #Cybersecurity #BigData #AI #IoT #DeepLearning
#ArtificialIntelligence
 #NLP #robots  #javascript https://t.co/1eOfUYGH4x",1372460665609322498,1541502881827889153,en
86,2022-06-27T19:24:49.000Z,"HEY DEV, TAKE THIS SURVEY &amp; WIN $1000
https://t.co/RLKrSgjmK0

#BigData #Analytics #DataScience #instagramdown  #Python #room419  #TensorFlow #JavaScript #ReactJS #GoLang #BreakingNews #btc #cryptocurrecy #Linux #Programming #Coding #100DaysofCode #doggy #sabinus 
#30thOfJune https://t.co/2xNZKptG73",822467311361818625,1541502832846716928,en
87,2022-06-27T19:24:31.000Z,"HEY DEV, TAKE THIS SURVEY &amp; WIN $1000
https://t.co/RLKrSgjmK0

#BigData #Analytics #DataScience #instagramdown  #Python #room419  #TensorFlow #JavaScript #ReactJS #GoLang #BreakingNews #btc #cryptocurrecy #Linux #Programming #Coding #100DaysofCode #doggy #sabinus 
#30thOfJune https://t.co/Wyc0Tb0lJH",822467311361818625,1541502754765651969,en
88,2022-06-27T19:24:11.000Z,"HEY DEV, TAKE THIS SURVEY &amp; WIN $1000
https://t.co/RLKrSgjmK0

#BigData #Analytics #DataScience #instagramdown  #Python #room419  #TensorFlow #JavaScript #ReactJS #GoLang #BreakingNews #btc #cryptocurrecy #Linux #Programming #Coding #100DaysofCode #doggy #sabinus 
#30thOfJune https://t.co/atUsJESyLs",822467311361818625,1541502671496118273,en
89,2022-06-27T19:23:50.000Z,"HEY DEV, TAKE THIS SURVEY &amp; WIN $1000
https://t.co/RLKrSgjmK0

#BigData #Analytics #DataScience #instagramdown  #Python #room419  #TensorFlow #JavaScript #ReactJS #GoLang #BreakingNews #btc #cryptocurrecy #Linux #Programming #Coding #100DaysofCode #doggy #sabinus 
#30thOfJune https://t.co/xXlIDI98DD",822467311361818625,1541502583931551745,en
90,2022-06-27T19:23:39.000Z,#Fresh #audio #music #studio #gear #review by Dark Corner Studios | #Retweet #AI #rtitbot '@BlazedRTs '@RexRTs '@sme_rt #php #react #python #nodejs #flutter #webdev #100daysofcode #sound #design #coding | #Follow '@FuturegrooveNET https://t.co/nsTGZ4vMtn,1949360875,1541502540050825216,en
91,2022-06-27T19:23:30.000Z,"HEY DEV, TAKE THIS SURVEY &amp; WIN $1000
https://t.co/RLKrSgjmK0

#BigData #Analytics #DataScience #instagramdown  #Python #room419  #TensorFlow #JavaScript #ReactJS #GoLang #BreakingNews #btc #cryptocurrecy #Linux #Programming #Coding #100DaysofCode #doggy #sabinus 
#30thOfJune https://t.co/bJ57HE5VrV",822467311361818625,1541502499881979909,en
92,2022-06-27T19:23:24.000Z,"Guaranteed A's in:
#Essays
Exams
Sociology
Thesis
English
Assignment
Homework due
stats
Term paper
PHYSICS
Chemistry
Project
History 
Onlineclass
Biology
Psychology

#AI
#WomenWhoCode
#100DaysOfCode
#javascript
#coding
#Analytics
#programming #DataScience
#Python
#Serverless https://t.co/tUvRxtg4Lo",1372460665609322498,1541502475903066116,en
93,2022-06-27T19:23:15.000Z,"HEY DEV, TAKE THIS SURVEY &amp; WIN $1000
https://t.co/RLKrSgjmK0

#BigData #Analytics #DataScience #instagramdown  #Python #room419  #TensorFlow #JavaScript #ReactJS #GoLang #BreakingNews #btc #cryptocurrecy #Linux #Programming #Coding #100DaysofCode #doggy #sabinus 
#30thOfJune https://t.co/71ryiTolkW",822467311361818625,1541502437131010052,en
94,2022-06-27T19:23:08.000Z,"Python Programming for Beginners: The #1 Python Programming Crash Course for Beginners to Learn Python Coding Well &amp; Fast

#introductory #ulsi #beginning #superconductivity #python #programming #vlsi #100daysofcode
https://t.co/TZb3kp93kZ",1528856711725031425,1541502406223183872,en
95,2022-06-27T19:23:01.000Z,"HEY DEV, TAKE THIS SURVEY &amp; WIN $1000
https://t.co/RLKrSgjmK0

#BigData #Analytics #DataScience #instagramdown  #Python #room419  #TensorFlow #JavaScript #ReactJS #GoLang #BreakingNews #btc #cryptocurrecy #Linux #Programming #Coding #100DaysofCode #doggy #sabinus 
#30thOfJune https://t.co/EU0DmXRoiS",822467311361818625,1541502377466945536,en
96,2022-06-27T19:22:43.000Z,"HEY DEV, TAKE THIS SURVEY &amp; WIN $1000
https://t.co/RLKrSgjmK0

#BigData #Analytics #DataScience #instagramdown  #Python #room419  #TensorFlow #JavaScript #ReactJS #GoLang #BreakingNews #btc #cryptocurrecy #Linux #Programming #Coding #100DaysofCode #doggy #sabinus 
#30thOfJune https://t.co/qmyjz0XxeG",822467311361818625,1541502301965352964,en
97,2022-06-27T19:22:26.000Z,"HEY DEV, TAKE THIS SURVEY &amp; WIN $1000
https://t.co/RLKrSgjmK0

#BigData #Analytics #DataScience #instagramdown  #Python #room419  #TensorFlow #JavaScript #ReactJS #GoLang #BreakingNews #btc #cryptocurrecy #Linux #Programming #Coding #100DaysofCode #doggy #sabinus 
#30thOfJune https://t.co/GnLO9lIY7P",822467311361818625,1541502232834842626,en
98,2022-06-27T19:22:23.000Z,"We're proficient in:-
~Exams
~finance
~Anatomy
~Chemistry
~Physics
~coding
~Maths
~Bio
~Powerpoint
~Assignment
~Homework
~Sociology
~Accounting
~Essay due
~Essay pay
~Economics
#100DaysOfCode
#WomenWhoCode
#NodeJS #IoT #Python
#javascript
 DM @Gregory_essays",1520097689895120899,1541502218075078658,en
99,2022-06-27T19:22:08.000Z,"HEY DEV, TAKE THIS SURVEY &amp; WIN $1000
https://t.co/RLKrSgjmK0

#BigData #Analytics #DataScience #instagramdown  #Python #room419  #TensorFlow #JavaScript #ReactJS #GoLang #BreakingNews #btc #cryptocurrecy #Linux #Programming #Coding #100DaysofCode #doggy #sabinus 
#30thOfJune https://t.co/9A4CvWaCwa",822467311361818625,1541502155160518656,en
